,City:,Latitude:,Longitude:,Max Temp:,Humidity:,Cloud Coverage:,Wind:,Country:,Date:
0,ponta do sol,32.6667,-17.1,74.01,88,64,4.83,PT,1628393310
1,richards bay,-28.783,32.0377,57.9,92,3,7.47,ZA,1628393335
2,muyezerskiy,63.9333,31.65,53.17,90,100,13.44,RU,1628393478
3,saint george,37.1041,-113.5841,92.62,12,1,1.99,US,1628393293
4,saint-pierre,-21.3393,55.4781,71.24,63,0,6.91,RE,1628393394
5,salalah,17.0151,54.0924,77.09,94,90,2.3,OM,1628393690
6,kidal,18.4411,1.4078,84.54,48,93,10.47,ML,1628393744
7,clyde river,70.4692,-68.5914,37.63,100,90,3.44,CA,1628393072
8,cyangugu,-2.4846,28.9075,61.34,76,79,0.98,RW,1628393745
9,bergen,60.392,5.328,60.15,81,75,0.0,NO,1628393745
10,bengkulu,-3.8004,102.2655,84.11,69,9,2.21,ID,1628393334
11,morondava,-20.2833,44.2833,65.28,56,0,9.46,MG,1628393353
12,bondo,3.8146,23.6866,67.95,99,99,1.77,CD,1628393322
13,sacramento,38.4666,-121.3177,88.18,35,20,4.61,US,1628393582
14,lerwick,60.1545,-1.1494,57.2,91,89,10.0,GB,1628393746
15,bambous virieux,-20.3428,57.7575,67.21,94,75,3.44,MU,1628393310
16,cascais,38.6979,-9.4215,64.47,76,0,5.99,PT,1628393747
17,dalvik,65.9702,-18.5286,51.73,85,96,3.13,IS,1628393747
18,bredasdorp,-34.5322,20.0403,49.32,93,93,3.44,ZA,1628393307
19,dikson,73.5069,80.5464,46.67,75,5,7.99,RU,1628393315
20,mar del plata,-38.0023,-57.5575,48.22,81,0,9.22,AR,1628393133
21,mahibadhoo,3.7833,72.9667,81.59,76,100,10.2,MV,1628393375
22,hofn,64.2539,-15.2082,55.02,80,99,11.1,IS,1628393702
23,hermanus,-34.4187,19.2345,47.89,65,71,2.8,ZA,1628393279
24,port elizabeth,-33.918,25.5701,44.89,93,0,2.3,ZA,1628393262
25,lasa,46.6166,10.7002,62.06,97,72,2.13,IT,1628393296
26,ushuaia,-54.8,-68.3,33.46,86,40,33.38,AR,1628393492
27,torbay,47.6666,-52.7314,67.68,93,75,17.27,CA,1628393291
28,bubaque,11.2833,-15.8333,78.78,77,89,11.12,GW,1628393750
29,husavik,66.0449,-17.3389,51.71,83,69,2.17,IS,1628393296
30,ilulissat,69.2167,-51.1,42.82,75,96,0.0,GL,1628393292
31,gelemso,8.8167,40.5167,63.0,73,53,3.87,ET,1628393751
32,challans,46.8436,-1.8749,58.91,84,29,12.19,FR,1628393752
33,longyearbyen,78.2186,15.6401,43.43,91,99,5.28,SJ,1628393323
34,mahebourg,-20.4081,57.7,67.24,94,75,3.44,MU,1628393305
35,rundu,-17.9333,19.7667,51.53,28,0,5.14,NA,1628393753
36,kita,13.0349,-9.4895,70.43,98,74,3.06,ML,1628393753
37,luis correia,-2.8792,-41.6669,76.23,80,15,8.46,BR,1628393754
38,saint-philippe,-21.3585,55.7679,71.15,77,61,8.59,RE,1628393281
39,luderitz,-26.6481,15.1594,58.42,56,10,7.25,NA,1628393341
40,cape town,-33.9258,18.4232,48.61,100,90,3.44,ZA,1628393223
41,victoria,22.2855,114.1577,89.96,87,100,1.01,HK,1628393314
42,port alfred,-33.5906,26.891,59.79,49,90,9.13,ZA,1628393259
43,ribeira grande,38.5167,-28.7,69.44,72,68,9.91,PT,1628393341
44,taloqan,36.7361,69.5345,91.85,14,72,1.28,AF,1628393756
45,changji,44.0167,87.3167,83.19,36,0,8.95,CN,1628393756
46,aurillac,44.9167,2.45,52.05,97,82,1.07,FR,1628393756
47,arraial do cabo,-22.9661,-42.0278,67.5,81,48,21.68,BR,1628393288
48,ugoofaaru,5.6667,73.0,82.51,75,100,13.89,MV,1628393757
49,fez,34.0372,-4.9998,66.31,94,40,5.75,MA,1628393758
50,upernavik,72.7868,-56.1549,39.42,96,58,8.01,GL,1628393285
51,lidkoping,58.5052,13.1577,52.92,95,53,2.95,SE,1628393758
52,qaanaaq,77.484,-69.3632,40.44,85,98,0.4,GL,1628393315
53,stepanov,49.684,17.2204,64.69,94,100,7.2,CZ,1628393759
54,goure,13.9835,10.2704,77.09,65,100,9.31,NE,1628393759
55,bulawayo,-20.15,28.5833,50.34,62,0,7.36,ZW,1628393760
56,tasiilaq,65.6145,-37.6368,44.76,97,100,11.3,GL,1628393298
57,castro,-24.7911,-50.0119,52.7,86,6,4.34,BR,1628393280
58,chebsara,59.2002,38.8356,61.93,95,100,9.71,RU,1628393761
59,georgetown,5.4112,100.3354,87.73,76,20,5.75,MY,1628393315
60,ngama,11.7833,17.1667,74.7,89,99,4.52,TD,1628393761
61,busselton,-33.65,115.3333,64.09,84,59,9.6,AU,1628393280
62,vila velha,-20.3297,-40.2925,64.35,94,75,4.61,BR,1628393161
63,coquimbo,-29.9533,-71.3436,51.53,100,90,4.61,CL,1628393154
64,asind,25.7333,74.3333,84.6,64,48,16.13,IN,1628393762
65,concarneau,47.875,-3.9225,58.05,86,9,12.35,FR,1628393763
66,nanortalik,60.1432,-45.2371,43.11,96,100,11.18,GL,1628393447
67,sinnamary,5.3833,-52.95,77.09,87,92,7.31,GF,1628393337
68,zarya,55.7553,38.0958,69.12,68,100,5.08,RU,1628393764
69,chuy,-33.6971,-53.4616,60.69,92,8,7.27,UY,1628393338
70,lagoa,39.05,-27.9833,68.88,66,88,9.44,PT,1628393282
71,cidreira,-30.1811,-50.2056,60.06,91,0,9.75,BR,1628393351
72,mangai,-4.05,19.5333,68.72,88,98,2.21,CD,1628393392
73,gulu,2.7746,32.299,62.67,98,86,2.26,UG,1628393765
74,fatehabad,29.5167,75.45,92.52,52,11,6.53,IN,1628393766
75,la asuncion,11.0333,-63.8628,89.33,62,27,3.44,VE,1628393766
76,jamestown,42.097,-79.2353,69.39,92,1,1.01,US,1628393252
77,sao filipe,14.8961,-24.4956,77.99,85,70,9.6,CV,1628393300
78,ponta delgada,37.7333,-25.6667,66.92,77,20,6.91,PT,1628393478
79,carutapera,-1.195,-46.02,74.98,89,4,4.05,BR,1628393593
80,olafsvik,64.8945,-23.7142,54.1,80,12,3.62,IS,1628393294
81,bandarbeyla,9.4942,50.8122,76.71,72,21,24.94,SO,1628393384
82,punta arenas,-53.15,-70.9167,35.71,80,0,17.27,CL,1628393288
83,uyuni,-20.4597,-66.825,40.32,23,2,7.4,BO,1628393768
84,guardiagrele,42.1954,14.2198,83.79,38,0,7.85,IT,1628393769
85,eyl,7.9803,49.8164,76.17,74,75,22.35,SO,1628393313
86,nicoya,10.1483,-85.452,72.95,91,100,1.32,CR,1628393770
87,bensonville,6.4461,-10.6125,72.54,89,67,3.58,LR,1628393770
88,aksarka,66.5606,67.7975,62.08,66,79,16.15,RU,1628393771
89,parintins,-2.6283,-56.7358,74.66,65,2,0.98,BR,1628393771
90,grindavik,63.8424,-22.4338,52.27,93,0,5.75,IS,1628393483
91,belmonte,-15.8631,-38.8828,72.1,88,78,10.36,BR,1628393772
92,kruisfontein,-34.0033,24.7314,56.34,30,91,8.79,ZA,1628393480
93,upington,-28.4478,21.2561,48.58,23,0,3.44,ZA,1628393773
94,porto santo,33.072,-16.3415,73.31,83,40,8.05,PT,1628393501
95,barcelos,41.5388,-8.6151,58.84,93,2,4.14,PT,1628393414
96,narsaq,60.9167,-46.05,48.42,98,100,8.9,GL,1628393334
97,beni mazar,28.4962,30.8029,80.4,62,0,7.45,EG,1628393774
98,umm kaddadah,13.6017,26.6876,78.78,63,99,9.64,SD,1628393640
99,mogadishu,2.0371,45.3438,76.55,84,81,14.99,SO,1628393615
100,corrente,-3.7367,-43.3394,74.21,75,82,0.94,BR,1628393775
101,shelabolikha,53.4131,82.6167,72.86,46,52,4.97,RU,1628393775
102,berlevag,70.8578,29.0864,60.28,65,29,13.24,NO,1628393628
103,hammerfest,70.6634,23.6821,64.85,52,77,5.75,NO,1628393776
104,praia da vitoria,38.7333,-27.0667,73.65,64,40,7.56,PT,1628393316
105,athens,37.9795,23.7162,81.16,46,20,1.01,GR,1628393692
106,ereymentau,51.6199,73.1033,67.73,63,49,11.88,KZ,1628393777
107,chamba,32.5667,76.1333,81.64,75,3,4.56,IN,1628393777
108,carnarvon,-24.8667,113.6333,75.27,70,0,8.05,AU,1628393663
109,hazorasp,41.3194,61.0742,80.44,17,1,9.66,UZ,1628393778
110,touros,-5.1989,-35.4608,72.5,85,26,16.53,BR,1628393285
111,ribeira do pombal,-10.8344,-38.5358,62.56,94,37,2.19,BR,1628393778
112,lokoja,7.8024,6.743,71.1,98,85,2.89,NG,1628393779
113,gijon,43.5357,-5.6615,59.25,90,40,4.76,ES,1628393289
114,borgarnes,64.5383,-21.9206,52.81,90,98,4.09,IS,1628393500
115,kavaratti,10.5669,72.642,81.19,79,100,18.84,IN,1628393339
116,codrington,-38.2667,141.9667,57.74,58,83,6.11,AU,1628393401
117,krasnomayskiy,57.6194,34.4099,60.53,95,71,5.55,RU,1628393780
118,sengiley,53.9622,48.7944,64.47,45,6,2.48,RU,1628393781
119,araouane,18.9048,-3.5265,92.66,36,60,12.53,ML,1628393332
120,mogwase,-25.185,27.2665,52.34,47,0,1.52,ZA,1628393781
121,lenggries,47.6833,11.5667,56.26,97,100,2.62,DE,1628393782
122,paamiut,61.994,-49.6678,41.11,91,100,2.3,GL,1628393417
123,ondangwa,-17.9167,15.95,53.6,43,0,2.3,NA,1628393782
124,sao joao da barra,-21.6403,-41.0511,67.35,80,55,11.25,BR,1628393278
125,aksu,41.1231,80.2644,84.15,27,99,2.3,CN,1628393659
126,san matias,-16.3667,-58.4,74.7,37,0,4.59,BO,1628393783
127,jales,-20.2689,-50.5458,64.96,46,0,8.12,BR,1628393784
128,laguna,38.421,-121.4238,88.3,35,1,5.75,US,1628393464
129,arlit,18.7369,7.3853,95.74,17,58,6.93,NE,1628393784
130,pabna,24.0,89.25,89.06,69,85,7.81,BD,1628393785
131,chapais,49.7834,-74.8492,49.78,72,8,3.44,CA,1628393451
132,alta floresta,-9.8756,-56.0861,72.86,41,27,1.25,BR,1628393674
133,berbera,10.4396,45.0143,92.08,35,13,23.09,SO,1628393785
134,chipata,-13.6333,32.65,56.26,59,0,4.97,ZM,1628393786
135,sistranda,63.7256,8.834,58.96,89,100,16.62,NO,1628393424
136,hit,33.6416,42.8251,95.2,18,0,6.17,IQ,1628393786
137,loknya,56.83,30.1467,59.97,93,100,6.13,RU,1628393787
138,san miguel,13.4833,-88.1833,71.26,100,75,2.08,SV,1628393787
139,mtsamboro,-12.6998,45.0689,70.92,63,0,9.57,YT,1628393788
140,vardo,70.3705,31.1107,56.03,75,95,9.53,NO,1628393354
141,quatre cocos,-20.2078,57.7625,67.08,83,59,12.71,MU,1628393672
142,cabedelo,-6.9811,-34.8339,72.27,83,77,18.01,BR,1628393381
143,buribay,51.9617,58.1592,68.27,43,46,6.49,RU,1628393789
144,vila do maio,15.1333,-23.2167,79.59,89,73,11.32,CV,1628393474
145,kirillov,59.863,38.3813,62.53,97,100,8.75,RU,1628393790
146,east london,-33.0153,27.9116,47.34,93,0,5.75,ZA,1628393305
147,gazli,40.1333,63.45,98.26,13,0,12.03,UZ,1628393790
148,rodrigues alves,-7.738,-72.6509,73.31,61,1,0.11,BR,1628393791
149,alakurtti,66.9672,30.3491,53.64,68,3,6.6,RU,1628393791
150,naklo nad notecia,53.1421,17.6018,59.16,98,100,4.68,PL,1628393791
151,gamba,-2.65,10.0,72.57,85,100,5.21,GA,1628393792
152,vestmannaeyjar,63.4427,-20.2734,54.95,86,100,6.93,IS,1628393605
153,saldanha,-33.0117,17.9442,41.05,70,100,2.08,ZA,1628393285
154,iberia,29.9502,-91.7507,80.67,100,1,3.44,US,1628393793
155,saint anthony,45.0205,-93.218,71.62,90,90,4.0,US,1628393793
156,panaba,21.2833,-88.2667,76.78,92,26,8.05,MX,1628393794
157,ler,8.3018,30.1418,69.48,97,100,2.39,SS,1628393794
158,henties bay,-22.116,14.2845,51.85,82,0,4.74,NA,1628393794
159,hithadhoo,-0.6,73.0833,82.31,69,100,2.13,MV,1628393283
160,marquette,46.5333,-87.6335,61.77,92,100,4.41,US,1628393795
161,meshchovsk,54.3244,35.2808,60.57,90,100,5.41,RU,1628393795
162,faya,18.3851,42.4509,66.72,63,87,4.09,SA,1628393358
163,knysna,-34.0363,23.0471,52.18,46,65,5.79,ZA,1628393796
164,meridian,43.6121,-116.3915,85.71,36,1,0.0,US,1628393796
165,muravlenko,63.7898,74.523,72.93,43,9,7.72,RU,1628393797
166,coruripe,-10.1256,-36.1756,72.05,71,100,12.66,BR,1628393525
167,santa isabel do rio negro,-0.4139,-65.0192,72.66,97,86,1.68,BR,1628393798
168,jaisalmer,26.9147,70.9181,88.21,51,0,19.19,IN,1628393798
169,eydhafushi,5.1033,73.0708,81.64,76,100,12.24,MV,1628393798
170,venado tuerto,-33.7456,-61.9688,56.77,56,98,9.69,AR,1628393799
171,sao felix do xingu,-6.6447,-51.995,71.89,49,0,2.26,BR,1628393799
172,penzance,50.1186,-5.5371,60.01,87,58,25.39,GB,1628393682
173,uarini,-2.99,-65.1083,74.01,90,82,2.64,BR,1628393800
174,maun,-19.9833,23.4167,57.16,35,0,5.75,BW,1628393633
175,virginia beach,36.8529,-75.978,73.02,86,78,9.75,US,1628393623
176,serenje,-13.2325,30.2352,51.51,68,0,5.64,ZM,1628393653
177,ancud,-41.8697,-73.8203,43.23,89,9,4.18,CL,1628393497
178,liverpool,53.4106,-2.9779,59.83,86,90,1.01,GB,1628393487
179,khipro,25.8285,69.3772,87.62,54,2,18.9,PK,1628393407
180,noyabrsk,63.1994,75.4507,72.91,51,10,7.52,RU,1628393802
181,abaza,52.655,90.0928,74.08,51,21,2.84,RU,1628393802
182,akropong,5.9746,-0.0854,72.55,88,74,7.2,GH,1628393803
183,tsaritsani,39.8833,22.2333,69.31,41,0,2.21,GR,1628393803
184,methoni,36.8197,21.7049,78.22,61,0,2.95,GR,1628393803
185,santa rosa,14.3122,121.1114,91.09,58,98,9.1,PH,1628393430
186,los llanos de aridane,28.6585,-17.9182,69.55,91,90,5.75,ES,1628393330
187,talnakh,69.4865,88.3972,75.29,23,7,5.35,RU,1628393682
188,aswan,24.0934,32.907,88.9,51,0,10.36,EG,1628393671
189,menongue,-14.6585,17.691,48.85,28,5,3.4,AO,1628393480
190,conceicao do araguaia,-8.2578,-49.2647,77.13,57,0,3.44,BR,1628393805
191,kutum,14.2,24.6667,71.4,74,98,6.22,SD,1628393805
192,plettenberg bay,-34.0527,23.3716,57.9,46,71,6.22,ZA,1628393806
193,halifax,44.6453,-63.5724,65.68,90,100,1.99,CA,1628393357
194,sur,22.5667,59.5289,90.99,54,31,5.28,OM,1628393445
195,sayyan,15.1718,44.3244,66.78,43,91,2.28,YE,1628393807
196,skjervoy,70.0311,20.9714,55.89,70,53,10.92,NO,1628393308
197,puerto del rosario,28.5004,-13.8627,73.15,78,2,17.27,ES,1628393807
198,tazovskiy,67.4667,78.7,65.26,58,31,6.62,RU,1628393808
199,rio gallegos,-51.6226,-69.2181,33.85,75,0,18.41,AR,1628393283
200,saint-joseph,-21.3667,55.6167,70.16,69,31,6.13,RE,1628393481
201,bella vista,36.4295,-94.2316,80.78,77,1,1.01,US,1628393808
202,nuuk,64.1835,-51.7216,43.41,93,75,5.75,GL,1628393809
203,ilinskiy,55.619,38.1182,69.31,83,20,4.47,RU,1628393810
204,harper,4.375,-7.7169,76.23,80,60,8.75,LR,1628393377
205,andenes,69.3143,16.1194,60.46,88,89,6.91,NO,1628393810
206,doha,25.2867,51.5333,94.98,64,0,4.61,QA,1628393134
207,buchanan,5.8808,-10.0467,75.52,82,77,6.29,LR,1628393811
208,ubauro,28.1652,69.7289,93.88,42,0,13.44,PK,1628393811
209,paramonga,-10.6667,-77.8333,62.89,85,77,9.46,PE,1628393812
210,santa maria,-29.6842,-53.8069,67.3,73,0,4.61,BR,1628393606
211,kuytun,54.3419,101.5036,74.05,37,24,6.29,RU,1628393812
212,acurenam,1.0322,10.6488,67.33,99,100,1.16,GQ,1628393813
213,saint-leu,-21.15,55.2833,70.63,65,77,3.98,RE,1628393371
214,iquique,-20.2208,-70.1431,59.04,80,54,3.29,CL,1628393702
215,caorle,45.5966,12.8758,76.96,84,36,3.4,IT,1628393814
216,villa del rosario,7.8339,-72.4742,72.34,89,100,3.38,CO,1628393814
217,port hawkesbury,45.6169,-61.3485,68.92,86,1,1.01,CA,1628393814
218,puerto narino,-3.7703,-70.3831,76.95,70,0,3.38,CO,1628393373
219,acari,-15.4311,-74.6158,63.93,76,50,2.84,PE,1628393295
220,san rafael,-34.6177,-68.3301,50.92,38,100,8.46,AR,1628393329
221,boralday,43.3578,76.8594,82.26,32,20,6.71,KZ,1628393815
222,viedma,-40.8135,-62.9967,45.9,29,47,7.76,AR,1628393401
223,shelbyville,35.4834,-86.4603,74.64,46,1,4.61,US,1628393816
224,asfi,32.2994,-9.2372,67.15,88,2,14.0,MA,1628393388
225,carauari,-4.8828,-66.8958,74.34,74,4,2.84,BR,1628393817
226,bambari,5.768,20.6757,68.58,99,100,3.09,CF,1628393817
227,comodoro rivadavia,-45.8667,-67.5,44.46,42,0,17.27,AR,1628393353
228,mastic beach,40.7668,-72.8521,76.12,90,1,1.01,US,1628393818
229,aranos,-24.1333,19.1167,54.45,30,1,11.16,NA,1628393818
230,janauba,-15.8025,-43.3089,62.69,68,75,13.62,BR,1628393819
231,diamantino,-14.4086,-56.4461,72.09,43,0,5.84,BR,1628393820
232,hualmay,-11.0964,-77.6139,62.35,86,37,10.25,PE,1628393820
233,dindori,22.95,81.0833,78.48,79,99,9.13,IN,1628393821
234,sao domingos do prata,-19.865,-42.9683,53.55,93,48,0.89,BR,1628393821
235,margate,51.3813,1.3862,58.3,83,18,3.0,GB,1628393455
236,syracuse,37.0881,15.2792,82.62,59,0,5.61,IT,1628393418
237,adana,36.985,35.2881,75.22,73,40,5.75,TR,1628393822
238,klaksvik,62.2266,-6.589,58.12,90,100,12.17,FO,1628393286
239,gat,31.61,34.7642,79.92,100,21,6.96,IL,1628393382
240,bridgetown,13.1,-59.6167,79.29,89,75,13.8,BB,1628393801
241,thinadhoo,0.5333,72.9333,81.79,76,99,5.99,MV,1628393485
242,kango,0.1943,10.0951,73.35,94,100,1.97,GA,1628393823
243,san cristobal,7.7669,-72.225,65.5,98,100,2.17,VE,1628393621
244,gasa,31.5,34.4667,80.58,81,14,9.13,PS,1628393824
245,waverly,42.7392,-84.6208,75.47,85,1,5.75,US,1628393717
246,igarka,67.4667,86.5833,70.9,38,30,9.1,RU,1628393452
247,dingle,10.9995,122.6711,86.49,66,100,10.67,PH,1628393301
248,cayenne,4.9333,-52.3333,81.09,83,20,1.01,GF,1628393333
249,naryan-mar,67.6713,53.087,51.08,68,97,8.01,RU,1628393825
250,wajir,1.7471,40.0573,71.71,71,98,12.39,KE,1628393826
251,chapleau,47.8405,-83.4034,55.04,91,100,5.41,CA,1628393826
252,ust-koksa,50.2696,85.6108,69.49,50,9,1.05,RU,1628393827
253,manaquiri,-3.3167,-60.35,82.85,68,22,3.04,BR,1628393827
254,filingue,14.3521,3.3168,70.14,91,100,28.32,NE,1628393455
255,bykovo,55.6361,38.0803,69.33,83,20,4.47,RU,1628393828
256,ocara,-4.4908,-38.5967,75.96,56,18,8.75,BR,1628393828
257,hobyo,5.3505,48.5268,75.36,83,95,19.64,SO,1628393304
258,soyo,-6.1349,12.3689,72.23,78,88,5.46,AO,1628393449
259,knin,44.0439,16.2,72.59,49,0,5.91,HR,1628393829
260,namibe,-15.1961,12.1522,67.1,91,4,4.94,AO,1628393378
261,goundam,16.4145,-3.6708,84.34,61,100,16.33,ML,1628393830
262,aljezur,37.3191,-8.8033,58.59,92,1,9.26,PT,1628393830
263,inhambane,-23.865,35.3833,65.57,84,18,6.02,MZ,1628393290
264,lempaala,61.3167,23.75,60.1,100,90,5.75,FI,1628393831
265,gumdag,39.2061,54.5906,98.2,12,0,16.46,TM,1628393832
266,cherusti,55.5498,40.0107,67.23,61,99,5.82,RU,1628393832
267,madingou,-4.1536,13.55,69.17,87,1,2.93,CG,1628393833
268,nouadhibou,20.931,-17.0347,69.78,94,0,11.5,MR,1628393381
269,sainte-marie,-20.8968,55.5496,71.73,73,90,8.05,RE,1628393372
270,pegnitz,49.7564,11.545,58.6,97,87,8.3,DE,1628393833
271,grand gaube,-20.0064,57.6608,67.37,88,67,1.99,MU,1628393313
272,honningsvag,70.9821,25.9704,54.99,75,23,15.12,NO,1628393461
273,mariestad,58.7097,13.8237,51.51,95,36,3.53,SE,1628393834
274,velizh,55.6056,31.1967,57.4,96,51,5.08,RU,1628393835
275,sorland,67.667,12.6934,59.09,66,97,17.22,NO,1628393606
276,kattivakkam,13.2167,80.3167,91.49,58,97,5.3,IN,1628393835
277,lebu,-37.6167,-73.65,46.6,73,95,18.9,CL,1628393307
278,tucurui,-3.7661,-49.6725,74.14,60,5,1.54,BR,1628393701
279,saint-louis,16.3333,-15.0,82.04,73,74,13.96,SN,1628393836
280,punta alta,-38.8759,-62.0736,45.28,69,58,5.61,AR,1628393837
281,lethem,3.3803,-59.7968,75.43,89,100,3.18,GY,1628393617
282,bereda,43.2686,-7.5406,56.91,100,86,1.48,ES,1628393301
283,san carlos,9.6612,-68.5827,73.6,86,26,2.39,VE,1628393838
284,marawi,7.9986,124.2928,74.64,58,99,2.01,PH,1628393382
285,medea,36.2642,2.7539,64.85,36,29,3.04,DZ,1628393838
286,itaqui,-29.1253,-56.5531,65.79,64,0,9.57,BR,1628393839
287,dwarka,22.2394,68.9678,82.38,73,100,12.33,IN,1628393599
288,caravelas,-17.7125,-39.2481,67.6,81,91,6.96,BR,1628393279
289,itarema,-2.9248,-39.9167,78.03,75,63,13.94,BR,1628393840
290,anloga,5.7947,0.8973,77.22,90,100,16.31,GH,1628393388
291,leh,34.1667,77.5833,63.77,46,9,6.26,IN,1628393419
292,shache,38.4167,77.2406,77.23,36,100,11.32,CN,1628393680
293,uray,60.1247,64.7758,64.33,88,77,6.24,RU,1628393841
294,oktyabrskoye,43.0645,44.7417,73.54,73,20,6.71,RU,1628393841
295,calvinia,-31.4707,19.776,52.3,22,42,6.4,ZA,1628393841
296,monrovia,6.3005,-10.7969,76.14,79,68,7.67,LR,1628393842
297,hilton head island,32.2163,-80.7526,80.98,85,1,0.0,US,1628393842
298,conde,-7.2597,-34.9075,71.06,94,90,6.91,BR,1628393838
299,puerto quijarro,-17.7833,-57.7667,72.64,40,0,3.38,BO,1628393843
300,keetmanshoop,-26.5833,18.1333,59.92,12,0,8.05,NA,1628393843
301,perehonivka,48.5355,30.5192,59.94,85,0,7.29,UA,1628393844
302,saint-francois,46.4154,3.9054,58.44,77,0,4.61,FR,1628393376
303,tombouctou,20.0,-3.0,89.26,43,55,18.1,ML,1628393844
304,gandajika,-6.75,23.95,69.73,33,92,3.15,CD,1628393845
305,onguday,50.75,86.15,70.63,55,9,2.59,RU,1628393845
306,panama city,8.9936,-79.5197,79.18,91,90,6.91,PA,1628393815
307,maragogi,-9.0122,-35.2225,73.56,74,98,15.03,BR,1628393376
308,iracoubo,5.4802,-53.2011,76.39,89,100,6.67,GF,1628393846
309,booue,-0.0921,11.9385,70.93,98,97,1.23,GA,1628393846
310,ambilobe,-13.2,49.05,68.14,85,95,2.82,MG,1628393328
311,goderich,43.7501,-81.7165,69.03,88,92,4.61,CA,1628393307
312,turukhansk,65.8167,87.9833,74.25,51,66,4.94,RU,1628393481
313,hurghada,27.2574,33.8129,89.64,48,0,11.5,EG,1628393847
314,paro,27.4305,89.4133,72.25,72,96,4.36,BT,1628393848
315,korla,41.7597,86.1469,84.29,29,59,2.15,CN,1628393359
316,chaman,30.9236,66.4512,86.95,26,0,4.85,PK,1628393849
317,moose factory,51.2585,-80.6094,53.6,76,1,4.61,CA,1628393503
318,mehamn,71.0357,27.8492,62.17,58,21,10.31,NO,1628393369
319,ardabil,38.2498,48.2933,60.35,67,40,0.0,IR,1628393849
320,adrar,20.5022,-10.0711,81.9,60,73,20.24,MR,1628393482
321,siyabuswa,-25.1132,29.0445,51.22,67,2,4.68,ZA,1628393850
322,ullapool,57.8987,-5.1604,60.35,94,32,6.08,GB,1628393850
323,mayumba,-3.432,10.6554,72.55,86,100,3.8,GA,1628393851
324,ploemeur,47.7333,-3.4333,57.85,89,75,6.91,FR,1628393851
325,awjilah,29.1081,21.2869,79.56,43,0,8.66,LY,1628393594
326,little current,45.9793,-81.9248,64.45,84,100,7.31,CA,1628393852
327,souillac,-20.5167,57.5167,67.35,94,75,3.44,MU,1628393280
328,loukhi,66.0764,33.0381,55.85,72,90,7.94,RU,1628393853
329,padang,-0.9492,100.3543,82.45,73,95,1.66,ID,1628393079
330,raduzhnyy,62.0961,77.475,76.44,52,6,2.68,RU,1628393854
331,gombe,10.2897,11.1673,71.49,91,100,11.07,NG,1628393854
332,cockburn town,21.4612,-71.1419,82.42,77,1,16.69,TC,1628393420
333,cutervo,-6.379,-78.8157,51.42,81,63,3.29,PE,1628393855
334,alappuzha,9.49,76.3264,79.79,81,72,3.76,IN,1628393855
335,umm lajj,25.0213,37.2685,90.41,42,1,6.46,SA,1628393437
336,dhidhdhoo,6.8833,73.1,81.75,78,100,17.38,MV,1628393664
337,oeiras do para,-2.0031,-49.8544,74.26,89,21,3.09,BR,1628393856
338,neya,58.2972,43.8681,59.41,88,98,6.8,RU,1628393856
339,sisimiut,66.9395,-53.6735,40.59,90,100,3.02,GL,1628393399
340,bystrogorskiy,48.2081,41.141,79.02,35,95,15.28,RU,1628393857
341,tastur,36.5513,9.4431,77.61,53,10,2.21,TN,1628393857
342,kalmunai,7.4167,81.8167,82.44,74,96,6.31,LK,1628393299
343,wilmington,34.2257,-77.9447,80.51,92,1,3.44,US,1628393761
344,garowe,8.4054,48.4845,73.92,69,23,24.72,SO,1628393610
345,port huron,42.9709,-82.4249,72.14,91,1,5.75,US,1628393858
346,bathsheba,13.2167,-59.5167,79.41,89,75,13.8,BB,1628393302
347,luanda,-8.8368,13.2343,73.4,88,75,2.3,AO,1628393356
348,iqaluit,63.7506,-68.5145,44.33,87,75,5.75,CA,1628393298
349,stornoway,58.2093,-6.3865,58.96,88,75,4.61,GB,1628393860
350,nalut,30.3333,10.85,87.03,13,0,11.86,LY,1628393668
351,gangapur,26.4833,76.7167,82.56,80,100,4.68,IN,1628393861
352,ostersund,63.1792,14.6357,54.05,94,75,9.22,SE,1628393653
353,nurota,40.5614,65.6886,77.09,16,0,5.39,UZ,1628393306
354,suoyarvi,62.0833,32.35,58.28,98,100,9.62,RU,1628393423
355,quetta,30.199,67.0097,80.38,37,0,3.27,PK,1628393862
356,zephyrhills,28.2336,-82.1812,82.71,93,1,3.44,US,1628393862
357,domoni,-12.2569,44.5319,74.41,68,0,8.59,KM,1628393863
358,lima,-12.0432,-77.0282,59.25,82,90,12.66,PE,1628393686
359,hyderabad,17.3753,78.4744,83.71,90,75,5.75,IN,1628393863
360,ballinasloe,53.3275,-8.2194,57.34,94,98,14.18,IE,1628393864
361,marsaxlokk,35.8419,14.5431,81.09,89,0,5.75,MT,1628393864
362,marsh harbour,26.5412,-77.0636,82.8,75,2,8.16,BS,1628393865
363,meulaboh,4.1363,96.1285,83.73,68,83,2.8,ID,1628393348
364,blankenberge,51.3131,3.1323,60.75,83,40,5.01,BE,1628393689
365,odweyne,9.4092,45.064,73.6,46,60,16.62,SO,1628393866
366,belyy yar,53.6039,91.3903,64.29,88,0,0.0,RU,1628393866
367,osypenko,46.9136,36.8253,77.47,68,100,3.96,UA,1628393866
368,gornopravdinsk,60.05,69.9,73.29,61,54,5.99,RU,1628393645
369,tessalit,20.1986,1.0114,86.86,41,70,13.76,ML,1628393302
370,bobrovytsya,50.75,31.3833,60.6,86,0,5.77,UA,1628393867
371,havoysund,70.9963,24.6622,65.28,68,29,5.75,NO,1628393379
372,carballo,43.213,-8.691,59.86,93,62,2.55,ES,1628393868
373,camden,39.7835,-74.9663,75.38,90,100,5.32,US,1628393868
374,mantua,45.1667,10.7833,72.75,84,47,1.01,IT,1628393360
375,morristown,36.214,-83.2949,70.21,62,19,2.53,US,1628393644
376,necochea,-38.5473,-58.7368,46.65,73,77,8.1,AR,1628393406
377,brae,60.3964,-1.353,57.11,91,92,12.37,GB,1628393445
378,sergeyevka,53.88,67.4158,61.95,69,80,6.82,KZ,1628393870
379,hamilton,39.1834,-84.5333,76.77,75,1,0.0,US,1628393325
380,uvira,-3.4067,29.1458,73.6,68,81,1.92,CD,1628393870
381,bollnas,61.3482,16.3946,61.12,98,100,5.68,SE,1628393871
382,kuminskiy,58.6667,66.5667,60.3,94,100,4.21,RU,1628393871
383,zhanaozen,43.3,52.8,88.02,19,0,10.45,KZ,1628393370
384,ostrovnoy,68.0531,39.5131,56.7,76,1,5.79,RU,1628393278
385,marathon,44.9,-89.7668,67.95,90,75,8.05,US,1628393872
386,atar,20.5169,-13.0499,84.09,47,58,12.28,MR,1628393346
387,cardoso,-20.0819,-49.9142,66.85,51,20,7.43,BR,1628393873
388,veraval,20.9,70.3667,82.47,77,100,10.07,IN,1628393873
389,sabirabad,40.0095,48.4752,79.79,55,99,3.56,AZ,1628393874
390,taoudenni,22.6783,-3.9836,96.73,10,22,11.25,ML,1628393413
391,qaqortoq,60.7167,-46.0333,48.7,96,100,6.26,GL,1628393874
392,coihaique,-45.5752,-72.0662,39.15,75,0,2.3,CL,1628393346
393,nguru,12.8791,10.4526,72.84,80,85,10.29,NG,1628393875
394,marlton,39.8912,-74.9218,75.49,86,75,1.01,US,1628393875
395,suraabad,40.8192,49.4687,86.18,39,2,15.26,AZ,1628393876
396,rakai,-0.72,31.4839,65.34,64,99,3.78,UG,1628393876
397,borcea,44.3333,27.75,61.61,53,0,1.5,RO,1628393877
398,dakar,14.6937,-17.4441,82.53,83,75,9.22,SN,1628393655
399,bud,39.447,-86.1758,76.84,89,78,4.68,US,1628393877
400,tornio,65.8481,24.1466,57.22,66,18,16.22,FI,1628393878
401,inta,66.0317,60.1659,51.42,92,100,11.32,RU,1628393878
402,yarovoye,52.9273,78.58,77.5,40,89,10.04,RU,1628393878
403,riachao,-7.3619,-46.6172,73.18,47,14,8.59,BR,1628393879
404,skibbereen,51.55,-9.2667,57.0,81,55,17.45,IE,1628393410
405,shahrud,36.4182,54.9763,82.29,17,3,5.55,IR,1628393880
406,thunder bay,48.4001,-89.3168,60.78,82,90,9.22,CA,1628393880
407,petawawa,45.9001,-77.3328,67.78,81,90,3.02,CA,1628393846
408,impfondo,1.6381,18.0667,70.25,96,100,2.8,CG,1628393881
409,camana,-16.6228,-72.7111,61.05,83,90,7.18,PE,1628393316
410,ibotirama,-12.1853,-43.2206,67.75,62,23,6.33,BR,1628393779
411,greer,34.9387,-82.2271,73.65,88,1,3.44,US,1628393691
412,yokadouma,3.5167,15.05,67.32,99,96,1.88,CM,1628393882
413,elizabeth city,36.2946,-76.2511,73.98,97,20,5.75,US,1628393882
414,newark,40.7357,-74.1724,78.22,75,1,1.01,US,1628393706
415,pointe michel,15.25,-61.3833,80.24,80,12,6.87,DM,1628393883
416,dondo,-19.6094,34.7431,62.11,95,0,3.11,MZ,1628393883
417,port-cartier,50.0334,-66.8654,55.74,77,9,6.62,CA,1628393884
418,olonets,60.9847,32.9698,61.47,98,100,7.29,RU,1628393884
419,jalu,29.0331,21.5482,79.38,41,0,8.57,LY,1628393470
420,port blair,11.6667,92.75,84.06,78,100,14.5,IN,1628393390
421,la rioja,42.25,-2.5,55.18,94,7,2.91,ES,1628393885
422,rawson,-43.3002,-65.1023,47.66,49,12,13.98,AR,1628393320
423,pionki,51.476,21.4499,64.27,87,80,12.66,PL,1628393886
424,camabatela,-8.1881,15.375,58.84,91,70,5.91,AO,1628393887
425,ocala,29.1872,-82.1401,80.71,88,1,4.61,US,1628393887
426,dungarvan,52.0881,-7.6253,59.56,95,99,17.0,IE,1628393888
427,tocache,-8.1842,-76.5125,68.99,77,2,0.98,PE,1628393888
428,puerto ayora,-0.7393,-90.3518,69.55,90,90,5.01,EC,1628393888
429,chone,-0.6833,-80.1,70.86,88,73,4.5,EC,1628393889
430,krapina,46.1608,15.8789,67.51,77,68,2.21,HR,1628393889
431,paulo afonso,-9.4061,-38.2147,60.96,92,0,5.17,BR,1628393890
432,nuzvid,16.7833,80.85,86.85,53,91,5.19,IN,1628393890
433,saint-paul,-21.0096,55.2707,71.69,65,60,4.43,RE,1628393891
434,bocas del toro,9.3333,-82.25,81.07,88,100,8.52,PA,1628393891
435,batavia,41.85,-88.3126,82.38,80,1,10.36,US,1628393892
436,shirgaon,19.7,72.7,84.22,75,38,8.77,IN,1628393892
437,japura,-0.3167,102.35,91.71,53,88,3.83,ID,1628393893
438,svarstad,59.399,9.9698,58.95,60,91,3.15,NO,1628393893
439,bereznik,62.8551,42.7072,57.83,61,100,7.14,RU,1628393894
440,zdvinsk,54.7021,78.661,73.67,60,97,7.54,RU,1628393894
441,carupano,10.6678,-63.2585,77.52,87,24,4.72,VE,1628393894
442,gidam,18.9833,81.4,83.91,70,100,2.89,IN,1628393895
443,rocha,-34.4833,-54.3333,61.18,91,17,5.73,UY,1628393405
444,kargil,34.5667,76.1,60.31,40,4,3.58,IN,1628393895
445,bilma,18.6853,12.9164,91.11,33,100,13.82,NE,1628393353
446,buzmeyin,38.0507,58.2056,85.73,26,0,2.3,TM,1628393896
447,colina,-20.7133,-48.5408,64.02,61,52,6.71,BR,1628393896
448,boden,65.8252,21.6886,59.0,69,0,7.99,SE,1628393897
449,siteki,-26.45,31.95,50.02,93,0,3.76,SZ,1628393898
450,gayny,60.3071,54.3241,54.19,70,23,7.4,RU,1628393898
451,sladkovo,55.5284,70.3385,61.7,81,100,7.56,RU,1628393898
452,galiakot,23.5167,74.0,81.68,81,92,9.62,IN,1628393899
453,voyskovitsy,59.5287,29.964,64.15,96,83,5.46,RU,1628393899
454,kayes,14.0,-11.0,75.51,88,98,6.31,ML,1628393900
455,ovre ardal,61.3167,7.8,53.91,82,100,2.33,NO,1628393900
456,tabou,4.423,-7.3528,75.16,83,46,7.94,CI,1628393378
457,novyy urengoy,66.0833,76.6333,72.57,53,14,9.15,RU,1628393901
458,guaratuba,-25.8828,-48.5747,64.18,93,57,0.85,BR,1628393901
459,hambantota,6.1241,81.1185,84.54,79,75,12.66,LK,1628393692
460,tias,28.9611,-13.645,71.35,78,0,16.11,ES,1628393902
461,palatka,29.6486,-81.6376,79.0,84,76,1.43,US,1628393902
462,nizhnevartovsk,60.9344,76.5531,71.62,78,0,2.24,RU,1628393903
463,huarmey,-10.0681,-78.1522,63.46,84,45,10.6,PE,1628393318
464,recreio,-21.525,-42.4692,57.13,94,30,1.99,BR,1628393903
465,apac,1.9756,32.5386,64.2,96,48,2.64,UG,1628393904
466,clarence town,-32.5833,151.7833,59.99,88,100,0.74,AU,1628393904
467,sao joao dos patos,-6.495,-43.7022,67.82,59,11,4.52,BR,1628393905
468,lichinga,-13.3128,35.2406,59.09,63,75,4.61,MZ,1628393905
469,pandrup,57.2215,9.6757,53.51,100,75,2.3,DK,1628393906
470,talcahuano,-36.7167,-73.1167,44.28,87,0,6.91,CL,1628393906
471,brunswick,41.2381,-81.8418,70.48,91,75,1.99,US,1628393906
472,sivas,39.7916,37.0019,59.63,82,75,10.36,TR,1628393907
473,pimentel,-6.8367,-79.9342,64.0,82,89,3.0,PE,1628393712
474,yenotayevka,47.2456,47.0281,82.26,30,67,16.42,RU,1628393908
475,gossaigaon,26.4481,89.989,80.47,90,100,2.44,IN,1628393908
476,delta del tigre,-34.7633,-56.3853,60.91,89,39,4.7,UY,1628393908
477,pitrufquen,-38.9833,-72.65,41.02,81,0,10.36,CL,1628393909
478,fasa,28.9383,53.6482,74.44,41,0,0.0,IR,1628393909
479,verkhnyaya inta,65.9811,60.3094,51.73,91,100,10.13,RU,1628393910
480,nampula,-15.1165,39.2666,64.35,100,90,8.05,MZ,1628393910
481,polonnaruwa,7.9333,81.0,90.54,49,92,12.57,LK,1628393910
482,krasnoselkup,65.7,82.4667,71.47,57,100,6.82,RU,1628393331
483,matara,5.9485,80.5353,81.5,78,100,13.44,LK,1628393911
484,urengoy,65.9667,78.3667,72.25,50,25,7.92,RU,1628393911
485,estelle,29.8458,-90.1067,85.98,75,1,0.0,US,1628393658
486,segovia,41.1667,-4.0,58.68,60,64,3.8,ES,1628393912
487,eboli,40.6142,15.0579,83.3,62,2,1.01,IT,1628393913
488,achalpur,21.2572,77.5086,83.57,68,99,5.88,IN,1628393913
489,beloha,-25.1667,45.05,60.35,95,0,4.43,MG,1628393385
490,kapitanivka,48.9172,31.7167,59.61,82,0,9.31,UA,1628393914
491,chanika,-5.4167,38.0167,59.23,98,57,2.55,TZ,1628393477
492,bosconia,9.9689,-73.8836,75.65,91,93,1.5,CO,1628393914
493,manaure,11.7751,-72.4445,81.05,78,30,13.47,CO,1628393915
494,palmas,-10.2128,-48.3603,73.27,64,0,2.3,BR,1628393915
495,sambava,-14.2667,50.1667,69.37,80,39,6.76,MG,1628393915
496,mozarlandia,-14.7447,-50.5706,74.39,41,25,9.48,BR,1628393916
497,lehtmetsa,59.3237,25.3457,63.97,98,76,6.58,EE,1628393916
498,ivangorod,59.3716,28.2162,58.41,97,49,5.21,RU,1628393917
499,walvis bay,-22.9575,14.5053,52.09,87,0,2.3,NA,1628393443
500,druzhba,52.0428,33.9453,60.39,79,83,8.34,UA,1628393917
501,tacna,-18.0056,-70.2483,54.5,84,82,4.43,PE,1628393918
502,baikunthpur,23.25,82.55,82.0,75,99,7.72,IN,1628393768
503,abdanan,32.9926,47.4198,89.58,16,37,8.16,IR,1628393918
504,chernihiv,51.0,32.0,59.07,84,0,7.61,UA,1628393919
505,odda,60.0691,6.5457,59.0,86,85,4.9,NO,1628393919
506,pensacola,30.4213,-87.2169,85.86,86,1,4.61,US,1628393626
507,koryazhma,61.3143,47.1691,57.9,60,98,6.06,RU,1628393920
508,madimba,-10.4,40.3333,69.12,94,20,11.5,TZ,1628393920
509,vila franca do campo,37.7167,-25.4333,66.61,78,35,5.44,PT,1628393450
510,dina,52.9335,-110.0849,61.21,75,89,8.1,CA,1628393921
511,trelew,-43.249,-65.3051,45.99,48,19,12.41,AR,1628393922
512,sarankhola,22.3082,89.7897,82.81,86,100,8.01,BD,1628393922
513,rafaela,-31.2503,-61.4867,68.0,56,2,1.99,AR,1628393360
514,zolotkovo,55.5281,41.1053,66.88,62,100,6.13,RU,1628393923
515,osorno,-40.5667,-73.15,36.36,98,24,3.09,CL,1628393923
516,pangnirtung,66.1451,-65.7125,41.49,87,94,2.33,CA,1628393385
517,mardin,37.3131,40.7436,71.71,38,0,2.3,TR,1628393924
518,aden,12.7794,45.0367,82.49,78,63,9.57,YE,1628393925
519,san ramon,37.7799,-121.978,81.03,64,1,1.01,US,1628393151
520,yar-sale,66.8333,70.8333,64.33,67,69,14.5,RU,1628393350
521,sao miguel do araguaia,-13.275,-50.1628,72.7,45,97,5.82,BR,1628393925
522,porto-vecchio,41.591,9.2795,74.86,83,0,13.8,FR,1628393926
523,kamenka,51.3223,42.7678,75.54,33,93,11.97,RU,1628393926
524,lucea,18.451,-78.1736,84.06,79,70,6.64,JM,1628393927
525,karpathos,35.507,27.2132,78.3,67,0,17.98,GR,1628393404
526,mansa,29.9833,75.3833,92.16,54,7,6.96,IN,1628393927
527,ambovombe,-25.1667,46.0833,63.81,89,5,0.74,MG,1628393928
528,zavodouspenskoye,56.8626,65.0155,57.42,86,100,6.82,RU,1628393928
529,shubarkuduk,49.1447,56.4872,77.14,25,11,12.91,KZ,1628393929
530,jumla,29.2747,82.1838,69.08,79,65,3.27,NP,1628393348
531,trincomalee,8.5711,81.2335,86.23,66,76,15.39,LK,1628393929
532,birao,10.2849,22.7882,69.01,98,100,3.62,CF,1628393400
533,barao de melgaco,-16.1944,-55.9675,79.32,40,0,3.04,BR,1628393930
534,tandlianwala,31.0333,73.1333,99.48,37,3,8.34,PK,1628393930
535,acarau,-2.8856,-40.12,78.91,73,79,14.45,BR,1628393931
536,paranaiba,-19.6772,-51.1908,67.96,46,0,5.97,BR,1628393931
537,ewing,40.2698,-74.7999,75.81,78,40,6.91,US,1628393726
538,tambacounda,13.7539,-13.7586,77.05,94,40,5.75,SN,1628393932
539,jega,12.2175,4.3792,76.42,85,100,7.81,NG,1628393932
540,ramsar,36.9226,50.6426,80.04,74,0,2.3,IR,1628393933
541,pires do rio,-17.2997,-48.2794,60.12,66,36,5.32,BR,1628393933
542,batouri,4.4333,14.3667,67.39,99,100,3.76,CM,1628393933
543,carrigaline,51.8117,-8.3986,57.0,88,75,16.11,IE,1628393934
544,ayagoz,47.9714,80.4392,80.62,23,1,2.13,KZ,1628393934
545,troitsko-pechorsk,62.7084,56.1964,50.32,93,100,7.94,RU,1628393479
546,meghri,38.9029,46.2446,84.15,40,42,0.65,AM,1628393935
